{"cameraMode":{"drawMode":0,"name":"Shaded","section":"Shading Mode"},"sceneLighting":false,"audioPlay":false,"sceneViewState":{"m_AlwaysRefresh":false,"showFog":true,"showSkybox":false,"showFlares":true,"showImageEffects":true,"showParticleSystems":true,"showVisualEffectGraphs":true,"m_FxEnabled":true},"in2DMode":false,"pivot":{"x":-4.224943161010742,"y":1.228952407836914,"z":41.247032165527347},"rotation":{"x":0.004449775442481041,"y":0.9468406438827515,"z":-0.3214723765850067,"w":0.013064432889223099},"size":1.6859712600708008,"orthographic":false}