{"cameraMode":{"drawMode":0,"name":"Shaded","section":"Shading Mode"},"sceneLighting":true,"audioPlay":false,"sceneViewState":{"m_AlwaysRefresh":false,"showFog":true,"showSkybox":true,"showFlares":true,"showImageEffects":true,"showParticleSystems":true,"showVisualEffectGraphs":true,"m_FxEnabled":true},"in2DMode":false,"pivot":{"x":16.192264556884767,"y":2.4069693088531496,"z":46.8899040222168},"rotation":{"x":0.045766569674015048,"y":0.9529616832733154,"z":-0.2380387783050537,"w":0.18253560364246369},"size":7.674506664276123,"orthographic":false}