{"cameraMode":{"drawMode":0,"name":"Shaded","section":"Shading Mode"},"sceneLighting":true,"audioPlay":false,"sceneViewState":{"m_AlwaysRefresh":false,"showFog":true,"showSkybox":true,"showFlares":true,"showImageEffects":true,"showParticleSystems":true,"showVisualEffectGraphs":true,"m_FxEnabled":true},"in2DMode":false,"pivot":{"x":10.717753410339356,"y":2.8920726776123049,"z":41.382286071777347},"rotation":{"x":0.2609090209007263,"y":-0.11260399222373963,"z":0.030808769166469575,"w":0.9583963751792908},"size":1.9045097827911378,"orthographic":false}