{"cameraMode":{"drawMode":0,"name":"Shaded","section":"Shading Mode"},"sceneLighting":false,"audioPlay":false,"sceneViewState":{"m_AlwaysRefresh":false,"showFog":true,"showSkybox":false,"showFlares":true,"showImageEffects":true,"showParticleSystems":true,"showVisualEffectGraphs":true,"m_FxEnabled":true},"in2DMode":false,"pivot":{"x":26.955106735229493,"y":0.6694240570068359,"z":42.75761795043945},"rotation":{"x":0.05411247909069061,"y":-0.9454947113990784,"z":0.21830634772777558,"w":0.23623892664909364},"size":1.742978572845459,"orthographic":false}